CREATE TABLE Employees (
    EmployeeID INT PRIMARY KEY,
    FirstName NVARCHAR(50),
    LastName NVARCHAR(50),
    Department NVARCHAR(50),
    Salary DECIMAL(10,2)
);

CREATE TABLE DepartmentBonus (
    Department NVARCHAR(50) PRIMARY KEY,
    BonusPercentage DECIMAL(5,2)
);

INSERT INTO Employees VALUES
(1, 'John', 'Doe', 'Sales', 5000),
(2, 'Jane', 'Smith', 'Sales', 5200),
(3, 'Mike', 'Brown', 'IT', 6000),
(4, 'Anna', 'Taylor', 'HR', 4500);

INSERT INTO DepartmentBonus VALUES
('Sales', 10),
('IT', 15),
('HR', 8);



CREATE TABLE Products_Current (
    ProductID INT PRIMARY KEY,
    ProductName NVARCHAR(100),
    Price DECIMAL(10,2)
);

CREATE TABLE Products_New (
    ProductID INT PRIMARY KEY,
    ProductName NVARCHAR(100),
    Price DECIMAL(10,2)
);

INSERT INTO Products_Current VALUES
(1, 'Laptop', 1200),
(2, 'Tablet', 600),
(3, 'Smartphone', 800);

INSERT INTO Products_New VALUES
(2, 'Tablet Pro', 700),
(3, 'Smartphone', 850),
(4, 'Smartwatch', 300);


CREATE TABLE IF NOT EXISTS Tree (id INT, p_id INT);
TRUNCATE TABLE Tree;
INSERT INTO Tree (id, p_id) VALUES (1, NULL);
INSERT INTO Tree (id, p_id) VALUES (2, 1);
INSERT INTO Tree (id, p_id) VALUES (3, 1);
INSERT INTO Tree (id, p_id) VALUES (4, 2);
INSERT INTO Tree (id, p_id) VALUES (5, 2);



CREATE TABLE IF NOT EXISTS Signups (user_id INT, time_stamp DATETIME);
CREATE TABLE IF NOT EXISTS Confirmations (user_id INT, time_stamp DATETIME, action ENUM('confirmed','timeout'));

TRUNCATE TABLE Signups;
INSERT INTO Signups (user_id, time_stamp) VALUES 
(3, '2020-03-21 10:16:13'),
(7, '2020-01-04 13:57:59'),
(2, '2020-07-29 23:09:44'),
(6, '2020-12-09 10:39:37');

TRUNCATE TABLE Confirmations;
INSERT INTO Confirmations (user_id, time_stamp, action) VALUES 
(3, '2021-01-06 03:30:46', 'timeout'),
(3, '2021-07-14 14:00:00', 'timeout'),
(7, '2021-06-12 11:57:29', 'confirmed'),
(7, '2021-06-13 12:58:28', 'confirmed'),
(7, '2021-06-14 13:59:27', 'confirmed'),
(2, '2021-01-22 00:00:00', 'confirmed'),
(2, '2021-02-28 23:59:59', 'timeout');



CREATE TABLE employees (
    id INT PRIMARY KEY,
    name VARCHAR(100),
    salary DECIMAL(10,2)
);

INSERT INTO employees (id, name, salary) VALUES
(1, 'Alice', 50000),
(2, 'Bob', 60000),
(3, 'Charlie', 50000);


-- Products Table
CREATE TABLE Products (
    ProductID INT PRIMARY KEY,
    ProductName NVARCHAR(100),
    Category NVARCHAR(50),
    Price DECIMAL(10,2)
);

-- Sales Table
CREATE TABLE Sales (
    SaleID INT PRIMARY KEY,
    ProductID INT FOREIGN KEY REFERENCES Products(ProductID),
    Quantity INT,
    SaleDate DATE
);

INSERT INTO Products (ProductID, ProductName, Category, Price) VALUES
(1, 'Laptop Model A', 'Electronics', 1200),
(2, 'Laptop Model B', 'Electronics', 1500),
(3, 'Tablet Model X', 'Electronics', 600),
(4, 'Tablet Model Y', 'Electronics', 700),
(5, 'Smartphone Alpha', 'Electronics', 800),
(6, 'Smartphone Beta', 'Electronics', 850),
(7, 'Smartwatch Series 1', 'Wearables', 300),
(8, 'Smartwatch Series 2', 'Wearables', 350),
(9, 'Headphones Basic', 'Accessories', 150),
(10, 'Headphones Pro', 'Accessories', 250),
(11, 'Wireless Mouse', 'Accessories', 50),
(12, 'Wireless Keyboard', 'Accessories', 80),
(13, 'Desktop PC Standard', 'Computers', 1000),
(14, 'Desktop PC Gaming', 'Computers', 2000),
(15, 'Monitor 24 inch', 'Displays', 200),
(16, 'Monitor 27 inch', 'Displays', 300),
(17, 'Printer Basic', 'Office', 120),
(18, 'Printer Pro', 'Office', 400),
(19, 'Router Basic', 'Networking', 70),
(20, 'Router Pro', 'Networking', 150);

INSERT INTO Sales (SaleID, ProductID, Quantity, SaleDate) VALUES
(1, 1, 2, '2024-01-15'),
(2, 1, 1, '2024-02-10'),
(3, 1, 3, '2024-03-08'),
(4, 2, 1, '2024-01-22'),
(5, 3, 5, '2024-01-20'),
(6, 5, 2, '2024-02-18'),
(7, 5, 1, '2024-03-25'),
(8, 6, 4, '2024-04-02'),
(9, 7, 2, '2024-01-30'),
(10, 7, 1, '2024-02-25'),
(11, 7, 1, '2024-03-15'),
(12, 9, 8, '2024-01-18'),
(13, 9, 5, '2024-02-20'),
(14, 10, 3, '2024-03-22'),
(15, 11, 2, '2024-02-14'),
(16, 13, 1, '2024-03-10'),
(17, 14, 2, '2024-03-22'),
(18, 15, 5, '2024-02-01'),
(19, 15, 3, '2024-03-11'),
(20, 19, 4, '2024-04-01');



create procedure sp_employee_bonus
as
begin
    create table #employeebonus (
        employeeid int,
        fullname nvarchar(100),
        department nvarchar(50),
        salary decimal(10,2),
        bonusamount decimal(10,2)
    );

    insert into #employeebonus
    select 
        e.employeeid,
        e.firstname + ' ' + e.lastname as fullname,
        e.department,
        e.salary,
        e.salary * db.bonuspercentage / 100 as bonusamount
    from employees e
    join departmentbonus db
        on e.department = db.department;

    select * from #employeebonus;
end

create procedure sp_update_salary_by_department
    @department nvarchar(50),
    @increasepercent decimal(5,2)
as
begin
    update employees
    set salary = salary + (salary * @increasepercent / 100)
    where department = @department;

    select * from employees
    where department = @department;
end


select * from products_current
merge into products_current as target
using products_new as source
on target.productid = source.productid
when matched then
    update set 
        target.productname = source.productname,
        target.price = source.price
when not matched by target then
    insert (productid, productname, price)
    values (source.productid, source.productname, source.price)
when not matched by source then
    delete




	select 
    t1.id,
    case 
        when t1.p_id is null then 'Root'
        when t1.id not in (select distinct p_id from tree where p_id is not null) then 'Leaf'
        else 'Inner'
    end as type
from tree t1
order by t1.id



select 
    s.user_id,
    cast(
        isnull(sum(case when c.action = 'confirmed' then 1 else 0 end) * 1.0 / nullif(count(c.user_id), 0), 0)
        as decimal(3,2)
    ) as confirmation_rate
from signups s
left join confirmations c
    on s.user_id = c.user_id
group by s.user_id
order by s.user_id desc



select *
from employees
where salary = (
    select min(salary) from employees
)











